INSERT INTO EMPR
(`MATR`, `NOME`, `SOBRENOME`, `DEPT`, `FONE`, `DINADIM`, `CARGO`, `NIVELED`, `SEXO`, `DATANAS`, `SALARIO`, `BONUS`,`COMIS`)
VALUES('123456', 'Herminio', 'Silva', 'D01','998844667', '2021-01-25','Analista', null,'M','1978-06-04', 3500.00 , 500.00, 0.15);

INSERT INTO EMPR
(`MATR`, `NOME`, `SOBRENOME`, `DEPT`, `FONE`, `DINADIM`, `CARGO`, `NIVELED`, `SEXO`, `DATANAS`, `SALARIO`, `BONUS`,`COMIS`)
VALUES('678901', 'joão', 'Silva', 'D01','998844667', '2021-01-25','Analista',05,'M','1978-06-04', 3500.00 , 500.00, 0.15);

INSERT INTO EMPR
(`MATR`, `NOME`, `SOBRENOME`, `DEPT`, `FONE`, `DINADIM`, `CARGO`, `NIVELED`, `SEXO`, `DATANAS`, `SALARIO`, `BONUS`,`COMIS`)
VALUES('034567', 'José', 'Ribeiro', 'D01','998543217', '2019-09-03','Analista',05,'M','1983-02-12', 3500.00 , 500.00, 0.15);

INSERT INTO EMPR
(`MATR`, `NOME`, `SOBRENOME`, `DEPT`, `FONE`, `DINADIM`, `CARGO`, `NIVELED`, `SEXO`, `DATANAS`, `SALARIO`, `BONUS`,`COMIS`)
VALUES('789543', 'Flor', 'Rosa', 'D1','98432811', '20-02-25','GER',08,'F','1984-03-08', 4500.00 , 0.00, 0.10);

INSERT INTO EMPR
(`MATR`, `NOME`, `SOBRENOME`, `DEPT`, `FONE`, `DINADIM`, `CARGO`, `NIVELED`, `SEXO`, `DATANAS`, `SALARIO`, `BONUS`,`COMIS`)
VALUES('843209', 'Filomena', 'Farias', 'D02','97345261', '20-03-25','GER',08,'F','1988-08-12', 4500.00 , 500.00, 0.15);

INSERT INTO DEPT (`DCODIGO`, `DNOME`, `GERENTE`, `DSUPER`)
VALUES ('D01','DTI', 'João', null);

INSERT INTO DEPT (`DCODIGO`, `DNOME`, `GERENTE`, `DSUPER`)
VALUES ('D1','DTIB', 'Flor', 'D01');

INSERT INTO DEPT (`DCODIGO`, `DNOME`, `GERENTE`, `DSUPER`)
VALUES ('D02','DRH', 'Filomena', null);


INSERT INTO projeto (`PCODIGO`, `PNOME`, `DCODIGO`,`RESP`, `EQUIPE`, `DATAINI`, `DATAFIM`, `PSUPER`)
VALUES ('ABC321', 'IMPLANTAÇÃO xxx', 'D01' ,'678901' ,08 ,'2020-01-01', '2020-12-31',NULL);

INSERT INTO projeto (`PCODIGO`, `PNOME`, `DCODIGO`,`RESP`, `EQUIPE`, `DATAINI`, `DATAFIM`, `PSUPER`)
VALUES ('ABC001', 'Aquisição Servidor', 'D01B' ,'789543' ,02 ,'2020-03-01', '2020-05-31','ABC321');



INSERT INTO TRABALHAEM (MATR, PCODIGO, HORASALOCACAO)
VALUES ('678901','ABC321',40);

INSERT INTO TRABALHAEM (MATR, PCODIGO, HORASALOCACAO)
VALUES ('789543','ABC001',12);


